{
  "Qwen2.5-VL-7B__phantom": {
    "n": 2735,
    "mean_d_center": 0.3135700225830078,
    "cx_mean": 0.5256615877151489,
    "cy_mean": 0.5369652509689331,
    "area_mean": 0.10567283630371094
  },
  "Qwen2.5-VL-7B__honest": {
    "n": 4230,
    "mean_d_center": 0.261391282081604,
    "cx_mean": 0.5127333998680115,
    "cy_mean": 0.5405665636062622,
    "area_mean": 0.16720376908779144
  },
  "LLaVA-NeXT-7B__phantom": {
    "n": 71,
    "mean_d_center": 0.3041801154613495,
    "cx_mean": 0.46609148383140564,
    "cy_mean": 0.516852080821991,
    "area_mean": 0.18923711776733398
  },
  "LLaVA-NeXT-7B__honest": {
    "n": 741,
    "mean_d_center": 0.23087209463119507,
    "cx_mean": 0.47334617376327515,
    "cy_mean": 0.5141514539718628,
    "area_mean": 0.2386728674173355
  }
}