{
  "n_train": 568,
  "n_test": 244,
  "pos_rate": 0.0874384236453202,
  "auroc_full": 0.872731155242366,
  "prauc_full": 0.33818415648149475,
  "auroc_logit_only": 0.8891736066623959,
  "prauc_logit_only": 0.3463565347118389,
  "auroc_halp_published": 0.7873,
  "auroc_random": 0.5,
  "coef": {
    "cx": 0.11420048310817135,
    "cy": 0.10383622915901522,
    "w": 0.18413717720500708,
    "h": 0.743906095131284,
    "area": -0.5629412146893287,
    "d_center": 0.27835654572729346,
    "aspect_ratio": 0.11076291850907806,
    "logp_mean": 0.09033121264661564,
    "logp_min": 0.09033121264661564,
    "logp_yes": -1.2347451501862254
  },
  "intercept": -3.1152695897941385,
  "y_test": [
    0,
    0,
    0,
    0,
    0,
    0,
    0,
    1,
    0,
    0,
    0,
    0,
    0,
    0,
    0,
    0,
    0,
    0,
    0,
    0,
    0,
    0,
    0,
    0,
    0,
    0,
    0,
    0,
    0,
    0,
    0,
    0,
    0,
    0,
    0,
    0,
    0,
    0,
    0,
    0,
    0,
    1,
    0,
    1,
    0,
    0,
    0,
    0,
    0,
    0,
    0,
    0,
    0,
    0,
    0,
    0,
    0,
    1,
    0,
    0,
    0,
    0,
    0,
    1,
    0,
    0,
    0,
    0,
    0,
    0,
    0,
    0,
    0,
    0,
    0,
    0,
    0,
    0,
    0,
    1,
    0,
    0,
    0,
    0,
    0,
    0,
    0,
    0,
    0,
    0,
    0,
    0,
    1,
    0,
    0,
    1,
    0,
    0,
    0,
    0,
    0,
    0,
    0,
    0,
    0,
    0,
    0,
    0,
    0,
    0,
    0,
    0,
    0,
    0,
    0,
    0,
    0,
    0,
    0,
    1,
    1,
    0,
    0,
    0,
    0,
    0,
    0,
    0,
    0,
    0,
    0,
    0,
    0,
    0,
    0,
    0,
    0,
    0,
    1,
    0,
    0,
    0,
    0,
    0,
    0,
    0,
    0,
    0,
    0,
    0,
    0,
    0,
    1,
    0,
    0,
    0,
    0,
    0,
    0,
    0,
    0,
    0,
    0,
    0,
    0,
    0,
    0,
    0,
    0,
    0,
    0,
    0,
    0,
    0,
    0,
    0,
    1,
    0,
    0,
    0,
    0,
    0,
    0,
    0,
    0,
    0,
    1,
    0,
    0,
    1,
    0,
    0,
    1,
    0,
    0,
    0,
    0,
    0,
    0,
    1,
    0,
    0,
    0,
    0,
    0,
    0,
    0,
    0,
    0,
    0,
    0,
    0,
    0,
    0,
    1,
    1,
    0,
    0,
    0,
    0,
    1,
    0,
    0,
    0,
    0,
    0,
    0,
    0,
    0,
    0,
    0,
    0,
    1,
    0,
    0,
    0,
    0,
    0,
    0,
    0,
    0,
    0,
    0,
    0
  ],
  "scores_full": [
    -4.181452034566539,
    -4.589903983685356,
    -4.1652858969671325,
    -3.23149719869333,
    -3.7955783119967292,
    -3.4988116848399926,
    -3.6312889799716674,
    -0.9502835255678588,
    -1.476927823759806,
    -3.3950660260834624,
    -4.615566697881592,
    -4.206653139962327,
    -4.524866596283375,
    -4.546303351864295,
    -4.751883797342819,
    -4.04575732149999,
    -4.32306929490964,
    -3.1329790116734237,
    -4.020376728601382,
    -4.148062078836824,
    -0.25833609102415966,
    -3.8913240443136727,
    -3.9909735820764136,
    -0.869142394777942,
    -3.4965946319100185,
    -1.6704893976762498,
    -3.4965946319100185,
    -4.597628841086317,
    -3.2110487539309642,
    -3.078547694441645,
    -4.048637198612272,
    -3.39315342908136,
    -4.491444163250773,
    -3.9834193196391388,
    -2.566763472138232,
    -4.534634848836463,
    -3.937120231728934,
    -3.85086082892362,
    -0.869142394777942,
    -4.3993672205027545,
    -4.273099400894575,
    -0.9970841900351894,
    -2.5006783135295745,
    -1.5617171302050292,
    -3.3950660260834624,
    -2.702502515913845,
    -4.3374901065609475,
    -4.534634848836463,
    -3.863206559857147,
    -3.147931157321368,
    -3.7321333935363383,
    -2.5006783135295745,
    -3.7751162875656297,
    -3.4534533764268627,
    -1.1654920582559345,
    0.21276117672540096,
    -1.8420291477692912,
    -0.28846012980789926,
    -3.078547694441645,
    -4.005435067038368,
    -2.7558088349583727,
    -2.5006783135295745,
    -3.4534533764268627,
    -0.38613825061985274,
    -2.7823112209589578,
    -0.869142394777942,
    -0.8964253975133127,
    -2.682254191483957,
    -2.2242465472350217,
    -2.3205898500198563,
    -4.5343442226371256,
    0.21276117672540096,
    -3.629577481106183,
    -4.3854560022476194,
    -2.2242465472350217,
    -3.672655035138996,
    -4.254311599524986,
    -2.7558088349583727,
    -0.8444245258041105,
    -0.1987588547911634,
    -3.863206559857147,
    -4.181452034566539,
    -3.8703619567985394,
    -3.884814188182321,
    -3.6398771027305665,
    -4.181452034566539,
    -3.827991297202202,
    -3.814625194898916,
    -2.998269647237236,
    -2.139776999762295,
    -3.5463765385420194,
    -0.9867060523873321,
    -3.8696504207762468,
    -3.898392706612303,
    -1.1654920582559345,
    -2.570231085176907,
    0.0043029774842642254,
    -4.564031955881404,
    -3.987237086043251,
    -2.5239857657179012,
    -4.564031955881404,
    -3.4965946319100185,
    -4.339100987555148,
    -2.9397743288689946,
    -0.4944719786819447,
    -3.1436028921592527,
    -2.4959618568680266,
    -0.25833609102415966,
    -3.814625194898916,
    -0.8262229350858865,
    -3.2948090802058614,
    -4.115809515666391,
    -3.7436091829187816,
    -4.402211867403487,
    -4.020376728601382,
    -4.615566697881592,
    -4.386195345563518,
    -3.751799435130216,
    -3.916578825094086,
    -1.565953687145412,
    0.11944427677754099,
    -3.1329790116734237,
    -4.770101708525756,
    -3.23149719869333,
    -3.907983865947024,
    -3.814625194898916,
    -0.03657829827166559,
    -3.2806584691789706,
    -1.0794982215047089,
    -3.6398771027305665,
    -3.8440998676498275,
    -2.875995176629593,
    -4.166840506498578,
    -2.2683314889773527,
    -3.6310273895457383,
    -1.5415541256424565,
    -3.6310273895457383,
    -3.030512960608884,
    -2.8714120595225348,
    -3.562829946606578,
    -4.5343442226371256,
    -3.3340964807170437,
    -3.41782902896815,
    -3.2954970853518697,
    -3.751583899019749,
    -0.544554408774502,
    -4.1713687257205985,
    -0.0006557329168841441,
    -4.713316025505243,
    -1.977948663907544,
    -4.366661884353834,
    -3.720103544262039,
    -0.588559335641031,
    -3.41782902896815,
    -3.6312889799716674,
    -3.50832014354536,
    -4.205675313403913,
    -3.794889683527818,
    0.2736587090142084,
    -4.770101708525756,
    -2.7628119189825133,
    -4.338168813528289,
    -4.2028576231221555,
    -2.9397743288689946,
    -3.23149719869333,
    -3.967179167878193,
    -4.085635357504089,
    -4.115809515666391,
    -2.727045117064594,
    -4.254311599524986,
    -4.232880008432056,
    -3.36395630778175,
    -2.875995176629593,
    -2.4202536625804445,
    -2.352650965395057,
    -3.835856359068029,
    -1.6860057320532764,
    -3.1747207375618234,
    -2.702502515913845,
    -2.8059844138121637,
    -4.087603335620627,
    -4.338168813528289,
    -3.31927904988822,
    -3.835856359068029,
    -1.6866701833802353,
    -4.366661884353834,
    -0.6062407829896328,
    -2.827010031049225,
    -4.2038011166380045,
    -0.1717106202143004,
    -3.937120231728934,
    -4.181595542103239,
    -0.10087069375469282,
    -1.3464942280146839,
    -4.005435067038368,
    -4.491692769408186,
    -1.6866701833802353,
    -2.955000090713424,
    -1.8786992275907397,
    0.24808036733112626,
    -4.2028576231221555,
    -3.464174160136386,
    -2.3205898500198563,
    0.09151375368915105,
    -3.9711541713560816,
    -2.2683314889773527,
    -3.3908393717866194,
    -3.31927904988822,
    -2.682254191483957,
    -4.152320127532508,
    -4.048637198612272,
    -2.4202536625804445,
    -3.9711541713560816,
    -4.597628841086317,
    -0.8077466412470313,
    -2.6306939230051354,
    -3.73667271610959,
    -4.3993672205027545,
    -3.6312889799716674,
    0.7089067805362959,
    -2.957788907411837,
    -2.1432378014009403,
    -3.835856359068029,
    -3.5095561625160676,
    -4.374671510621107,
    -4.04575732149999,
    -3.8440998676498275,
